38,MOM *,*,*,unfinished,unfinished.aiml
32,GREEN,*,*,unfinished,unfinished.aiml
79,SING *,*,*,unfinished,unfinished.aiml
41,SINCE *,*,*,unfinished,unfinished.aiml
46,SHE IS A *,*,*,unfinished,unfinished.aiml
142,SHE IS *,*,*,unfinished,unfinished.aiml
18,SHE WAS *,*,*,unfinished,unfinished.aiml
30,SWEET,*,*,unfinished,unfinished.aiml
60,DO,*,*,unfinished,unfinished.aiml
32,DO THEY *,*,*,unfinished,unfinished.aiml
60,DO NOT BE *,*,*,unfinished,unfinished.aiml
26,DO NOT SAY *,*,*,unfinished,unfinished.aiml
50,DO NOT KNOW,*,*,unfinished,unfinished.aiml
43,DO NOT KNOW *,*,*,unfinished,unfinished.aiml
33,DO WHAT,*,*,unfinished,unfinished.aiml
106,DO YOU,*,*,unfinished,unfinished.aiml
30,DO YOU HAVE AN *,*,*,unfinished,unfinished.aiml
36,DO YOU UNDERSTAND *,*,*,unfinished,unfinished.aiml
34,DO YOU WANT A *,*,*,unfinished,unfinished.aiml
25,DO YOU WANT TO GO *,*,*,unfinished,unfinished.aiml
27,DO YOU WANT TO BE *,*,*,unfinished,unfinished.aiml
68,DO YOU WANT *,*,*,unfinished,unfinished.aiml
38,DO YOU DO *,*,*,unfinished,unfinished.aiml
60,DO YOU GET *,*,*,unfinished,unfinished.aiml
52,DO YOU PLAY *,*,*,unfinished,unfinished.aiml
30,DO YOU EAT *,*,*,unfinished,unfinished.aiml
81,DO YOU LIKE,*,*,unfinished,unfinished.aiml
43,DO YOU LIKE MY *,*,*,unfinished,unfinished.aiml
83,DO YOU LIKE A *,*,*,unfinished,unfinished.aiml
122,DO YOU LIKE TO *,*,*,unfinished,unfinished.aiml
110,DO YOU LIKE THE *,*,*,unfinished,unfinished.aiml
29,DO YOU LIKE IT,*,*,unfinished,unfinished.aiml
32,DO YOU LIKE IT *,*,*,unfinished,unfinished.aiml
39,DO YOU KNOW,*,*,unfinished,unfinished.aiml
28,DO YOU KNOW THAT *,*,*,unfinished,unfinished.aiml
30,DO YOU KNOW I *,*,*,unfinished,unfinished.aiml
31,DO YOU KNOW IF *,*,*,unfinished,unfinished.aiml
49,DO YOU WATCH *,*,*,unfinished,unfinished.aiml
72,DO YOU BELIEVE IN *,*,*,unfinished,unfinished.aiml
49,DO IT,*,*,unfinished,unfinished.aiml
34,DO IT *,*,*,unfinished,unfinished.aiml
26,DO I HAVE A *,*,*,unfinished,unfinished.aiml
26,DO I HAVE TO *,*,*,unfinished,unfinished.aiml
77,DO I *,*,*,unfinished,unfinished.aiml
33,IPHONE *,*,*,unfinished,unfinished.aiml
106,EVERYTHING,*,*,unfinished,unfinished.aiml
30,EVERYTHING *,*,*,unfinished,unfinished.aiml
69,SOMETHING *,*,*,unfinished,unfinished.aiml
45,LOOK *,*,*,unfinished,unfinished.aiml
37,EVERYDAY,*,*,unfinished,unfinished.aiml
54,NOT AT *,*,*,unfinished,unfinished.aiml
47,NOT AT ALL,*,*,unfinished,unfinished.aiml
27,NOT MUCH,*,*,unfinished,unfinished.aiml
29,NOT SURE,*,*,unfinished,unfinished.aiml
47,HAPPY *,*,*,unfinished,unfinished.aiml
75,MIKE,*,*,unfinished,unfinished.aiml
63,MIKE *,*,*,unfinished,unfinished.aiml
25,TYPE *,*,*,unfinished,unfinished.aiml
25,SAD,*,*,unfinished,unfinished.aiml
27,US *,*,*,unfinished,unfinished.aiml
36,FOOD,*,*,unfinished,unfinished.aiml
42,ARE THEY *,*,*,unfinished,unfinished.aiml
32,ARE WE *,*,*,unfinished,unfinished.aiml
35,ARE THE *,*,*,unfinished,unfinished.aiml
6,ARE YOU SAD,*,*,unfinished,unfinished.aiml
40,ARE YOU DOING,*,*,unfinished,unfinished.aiml
29,ARE YOU DOING *,*,*,unfinished,unfinished.aiml
36,ARE YOU MY *,*,*,unfinished,unfinished.aiml
34,ARE YOU THE *,*,*,unfinished,unfinished.aiml
31,ARE YOU TRYING TO *,*,*,unfinished,unfinished.aiml
26,ARE YOU SURE *,*,*,unfinished,unfinished.aiml
33,ARE YOU AN *,*,*,unfinished,unfinished.aiml
58,AGAIN,*,*,unfinished,unfinished.aiml
41,INTERESTING,*,*,unfinished,unfinished.aiml
159,TELL ME,*,*,unfinished,unfinished.aiml
26,TELL ME ABOUT IT,*,*,unfinished,unfinished.aiml
27,TELL ME SOMETHING,*,*,unfinished,unfinished.aiml
59,TELL ME SOMETHING *,*,*,unfinished,unfinished.aiml
86,TELL ME A STORY,*,*,unfinished,unfinished.aiml
33,TELL ME A RIDDLE,*,*,unfinished,unfinished.aiml
31,TELL ME A KNOCK KNOCK JOKE,*,*,unfinished,unfinished.aiml
70,TELL ME MORE,*,*,unfinished,unfinished.aiml
47,TELL ME MORE ABOUT *,*,*,unfinished,unfinished.aiml
63,TELL ME MORE *,*,*,unfinished,unfinished.aiml
27,TELL ME ANOTHER,*,*,unfinished,unfinished.aiml
53,TELL ME WHAT *,*,*,unfinished,unfinished.aiml
43,TELL ME SOME *,*,*,unfinished,unfinished.aiml
191,TELL *,*,*,unfinished,unfinished.aiml
145,THIS *,*,*,unfinished,unfinished.aiml
34,THIS IS A *,*,*,unfinished,unfinished.aiml
140,THIS IS *,*,*,unfinished,unfinished.aiml
87,GET *,*,*,unfinished,unfinished.aiml
45,SEND ME A *,*,*,unfinished,unfinished.aiml
55,SEND ME *,*,*,unfinished,unfinished.aiml
26,SEND A *,*,*,unfinished,unfinished.aiml
123,SEND *,*,*,unfinished,unfinished.aiml
65,ALICE,*,*,unfinished,unfinished.aiml
100,SHOW ME,*,*,unfinished,unfinished.aiml
115,SHOW ME YOUR *,*,*,unfinished,unfinished.aiml
33,SHOW ME MY *,*,*,unfinished,unfinished.aiml
83,SHOW ME A PICTURE OF YOUR *,*,*,unfinished,unfinished.aiml
43,SHOW ME SOME *,*,*,unfinished,unfinished.aiml
37,YOU ARE WEIRD,*,*,unfinished,unfinished.aiml
44,YOU ARE UGLY,*,*,unfinished,unfinished.aiml
45,YOU ARE RIGHT,*,*,unfinished,unfinished.aiml
83,YOU ARE MY *,*,*,unfinished,unfinished.aiml
42,YOU ARE NOT A *,*,*,unfinished,unfinished.aiml
163,YOU ARE NOT *,*,*,unfinished,unfinished.aiml
84,YOU ARE THE *,*,*,unfinished,unfinished.aiml
29,YOU ARE MEAN,*,*,unfinished,unfinished.aiml
32,YOU ARE AWESOME,*,*,unfinished,unfinished.aiml
31,YOU ARE CUTE,*,*,unfinished,unfinished.aiml
36,YOU ARE AN *,*,*,unfinished,unfinished.aiml
44,YOU A *,*,*,unfinished,unfinished.aiml
28,YOU WILL NOT *,*,*,unfinished,unfinished.aiml
68,YOU WILL *,*,*,unfinished,unfinished.aiml
30,YOU ALREADY *,*,*,unfinished,unfinished.aiml
38,YOU WOULD *,*,*,unfinished,unfinished.aiml
61,YOU WERE *,*,*,unfinished,unfinished.aiml
76,YOU TELL ME,*,*,unfinished,unfinished.aiml
30,YOU TELL ME *,*,*,unfinished,unfinished.aiml
82,YOU TELL *,*,*,unfinished,unfinished.aiml
137,YOU HAVE *,*,*,unfinished,unfinished.aiml
49,YOU HAVE NO *,*,*,unfinished,unfinished.aiml
29,YOU MAY *,*,*,unfinished,unfinished.aiml
36,YOU MAKE ME *,*,*,unfinished,unfinished.aiml
62,YOU MAKE *,*,*,unfinished,unfinished.aiml
33,YOU DO,*,*,unfinished,unfinished.aiml
124,YOU DO NOT *,*,*,unfinished,unfinished.aiml
50,YOU DO NOT KNOW *,*,*,unfinished,unfinished.aiml
168,YOU DO *,*,*,unfinished,unfinished.aiml
83,YOU SAID *,*,*,unfinished,unfinished.aiml
40,YOU SAID YOU *,*,*,unfinished,unfinished.aiml
34,YOU GET *,*,*,unfinished,unfinished.aiml
28,YOU NEED *,*,*,unfinished,unfinished.aiml
36,YOU TOLD ME,*,*,unfinished,unfinished.aiml
30,YOU TOLD ME *,*,*,unfinished,unfinished.aiml
32,YOU NEVER *,*,*,unfinished,unfinished.aiml
31,YOU SPEAK *,*,*,unfinished,unfinished.aiml
36,YOU MUST *,*,*,unfinished,unfinished.aiml
41,YOU DID,*,*,unfinished,unfinished.aiml
52,YOU DID NOT *,*,*,unfinished,unfinished.aiml
91,YOU DID *,*,*,unfinished,unfinished.aiml
106,YOU CAN NOT *,*,*,unfinished,unfinished.aiml
32,YOU COULD *,*,*,unfinished,unfinished.aiml
43,YOU LIKE TO *,*,*,unfinished,unfinished.aiml
30,YOU KNOW,*,*,unfinished,unfinished.aiml
33,YOU KNOW WHAT *,*,*,unfinished,unfinished.aiml
44,HERE,*,*,unfinished,unfinished.aiml
30,HERE *,*,*,unfinished,unfinished.aiml
35,HIS *,*,*,unfinished,unfinished.aiml
42,TOMORROW,*,*,unfinished,unfinished.aiml
36,TOMORROW *,*,*,unfinished,unfinished.aiml
27,GIRL,*,*,unfinished,unfinished.aiml
62,TODAY,*,*,unfinished,unfinished.aiml
72,GOING TO *,*,*,unfinished,unfinished.aiml
36,WILL YOU BE MY *,*,*,unfinished,unfinished.aiml
55,WILL YOU BE *,*,*,unfinished,unfinished.aiml
33,WILL I *,*,*,unfinished,unfinished.aiml
40,TAKE A *,*,*,unfinished,unfinished.aiml
75,TAKE *,*,*,unfinished,unfinished.aiml
84,I WANT A *,*,*,unfinished,unfinished.aiml
27,I WANT TO SEE YOUR *,*,*,unfinished,unfinished.aiml
34,I WANT TO GO *,*,*,unfinished,unfinished.aiml
35,I WANT TO BE *,*,*,unfinished,unfinished.aiml
44,I WANT TO TALK TO *,*,*,unfinished,unfinished.aiml
59,I WANT TO TALK *,*,*,unfinished,unfinished.aiml
36,I WANT TO KNOW *,*,*,unfinished,unfinished.aiml
27,I WANT YOU,*,*,unfinished,unfinished.aiml
36,I WANT YOU *,*,*,unfinished,unfinished.aiml
25,I ASKED *,*,*,unfinished,unfinished.aiml
34,I THOUGHT YOU *,*,*,unfinished,unfinished.aiml
60,I WILL,*,*,unfinished,unfinished.aiml
47,I WILL NOT *,*,*,unfinished,unfinished.aiml
54,I WILL BE *,*,*,unfinished,unfinished.aiml
147,I WOULD *,*,*,unfinished,unfinished.aiml
37,I SHOULD *,*,*,unfinished,unfinished.aiml
33,I HOPE *,*,*,unfinished,unfinished.aiml
32,I MEAN,*,*,unfinished,unfinished.aiml
26,I EAT *,*,*,unfinished,unfinished.aiml
30,I THINK YOUR *,*,*,unfinished,unfinished.aiml
35,I THINK SO,*,*,unfinished,unfinished.aiml
138,I DO,*,*,unfinished,unfinished.aiml
95,I DO NOT,*,*,unfinished,unfinished.aiml
76,I DO NOT HAVE A *,*,*,unfinished,unfinished.aiml
60,I DO NOT HAVE *,*,*,unfinished,unfinished.aiml
126,I DO NOT WANT *,*,*,unfinished,unfinished.aiml
94,I DO NOT WANT TO *,*,*,unfinished,unfinished.aiml
115,I DO NOT CARE,*,*,unfinished,unfinished.aiml
86,I DO NOT LIKE YOU,*,*,unfinished,unfinished.aiml
39,I DO NOT KNOW WHY,*,*,unfinished,unfinished.aiml
46,I DO NOT KNOW WHAT *,*,*,unfinished,unfinished.aiml
97,I DO NOT THINK *,*,*,unfinished,unfinished.aiml
65,I DO NOT THINK SO,*,*,unfinished,unfinished.aiml
139,I DO *,*,*,unfinished,unfinished.aiml
28,I DO YOU *,*,*,unfinished,unfinished.aiml
37,I GUESS,*,*,unfinished,unfinished.aiml
119,I GIVE UP,*,*,unfinished,unfinished.aiml
28,I SPEAK *,*,*,unfinished,unfinished.aiml
25,I WISH *,*,*,unfinished,unfinished.aiml
25,I WISH I COULD *,*,*,unfinished,unfinished.aiml
105,I DID,*,*,unfinished,unfinished.aiml
60,I DID NOT,*,*,unfinished,unfinished.aiml
140,I DID NOT *,*,*,unfinished,unfinished.aiml
59,I DID NOT SAY THAT,*,*,unfinished,unfinished.aiml
67,I DID NOT SAY *,*,*,unfinished,unfinished.aiml
227,I DID *,*,*,unfinished,unfinished.aiml
28,I CAN SEE *,*,*,unfinished,unfinished.aiml
33,I CAN NOT,*,*,unfinished,unfinished.aiml
25,I CAN NOT SEE *,*,*,unfinished,unfinished.aiml
136,I CAN NOT *,*,*,unfinished,unfinished.aiml
39,I COULD *,*,*,unfinished,unfinished.aiml
34,I BELIEVE *,*,*,unfinished,unfinished.aiml
26,I MADE *,*,*,unfinished,unfinished.aiml
68,I SEE *,*,*,unfinished,unfinished.aiml
56,I LOVE,*,*,unfinished,unfinished.aiml
25,I LOVE IT,*,*,unfinished,unfinished.aiml
33,I ALREADY *,*,*,unfinished,unfinished.aiml
79,I FEEL *,*,*,unfinished,unfinished.aiml
38,I LIVE *,*,*,unfinished,unfinished.aiml
52,I WAS NOT *,*,*,unfinished,unfinished.aiml
30,I HAVE,*,*,unfinished,unfinished.aiml
28,I HAVE 2 *,*,*,unfinished,unfinished.aiml
52,I HAVE NOT *,*,*,unfinished,unfinished.aiml
35,I HAVE TO GO *,*,*,unfinished,unfinished.aiml
84,I HAVE TO *,*,*,unfinished,unfinished.aiml
54,I HAVE NO *,*,*,unfinished,unfinished.aiml
31,I HAD A *,*,*,unfinished,unfinished.aiml
49,I HAD *,*,*,unfinished,unfinished.aiml
61,I GET *,*,*,unfinished,unfinished.aiml
84,I TOLD *,*,*,unfinished,unfinished.aiml
71,I TOLD YOU *,*,*,unfinished,unfinished.aiml
68,I NEVER *,*,*,unfinished,unfinished.aiml
48,I AM AT *,*,*,unfinished,unfinished.aiml
37,I AM SAD,*,*,unfinished,unfinished.aiml
26,I AM LONELY,*,*,unfinished,unfinished.aiml
41,I AM GOING *,*,*,unfinished,unfinished.aiml
25,I AM A ROBOT,*,*,unfinished,unfinished.aiml
28,I AM IN THE *,*,*,unfinished,unfinished.aiml
79,I AM THE *,*,*,unfinished,unfinished.aiml
119,I AM BORED,*,*,unfinished,unfinished.aiml
25,I AM WATCHING *,*,*,unfinished,unfinished.aiml
49,I AM FINE,*,*,unfinished,unfinished.aiml
26,I AM DOING *,*,*,unfinished,unfinished.aiml
27,I AM WAITING,*,*,unfinished,unfinished.aiml
70,I AM YOUR *,*,*,unfinished,unfinished.aiml
25,I AM ASKING YOU *,*,*,unfinished,unfinished.aiml
79,I AM NOT,*,*,unfinished,unfinished.aiml
61,I AM NOT A *,*,*,unfinished,unfinished.aiml
28,I AM NOT SURE,*,*,unfinished,unfinished.aiml
36,I AM NOT SURE *,*,*,unfinished,unfinished.aiml
38,I AM GOOD,*,*,unfinished,unfinished.aiml
33,I AM AN *,*,*,unfinished,unfinished.aiml
27,I LIKE,*,*,unfinished,unfinished.aiml
42,I LIKE THAT *,*,*,unfinished,unfinished.aiml
53,I LIKE YOUR *,*,*,unfinished,unfinished.aiml
40,I LIKE A *,*,*,unfinished,unfinished.aiml
55,I LIKE THE *,*,*,unfinished,unfinished.aiml
25,I LIKE IT,*,*,unfinished,unfinished.aiml
30,I LIKE IT *,*,*,unfinished,unfinished.aiml
27,I KNOW THAT *,*,*,unfinished,unfinished.aiml
140,I KNOW *,*,*,unfinished,unfinished.aiml
35,I KNOW WHAT *,*,*,unfinished,unfinished.aiml
49,I KNOW YOU *,*,*,unfinished,unfinished.aiml
34,ASK,*,*,unfinished,unfinished.aiml
28,ASK ME,*,*,unfinished,unfinished.aiml
28,ASK ME SOMETHING,*,*,unfinished,unfinished.aiml
54,ASK ME A QUESTION,*,*,unfinished,unfinished.aiml
75,ASK ME A *,*,*,unfinished,unfinished.aiml
46,ASK ME *,*,*,unfinished,unfinished.aiml
43,ASK *,*,*,unfinished,unfinished.aiml
25,SAN *,*,*,unfinished,unfinished.aiml
118,STOP,*,*,unfinished,unfinished.aiml
125,STOP *,*,*,unfinished,unfinished.aiml
29,BLACK,*,*,unfinished,unfinished.aiml
50,BLACK *,*,*,unfinished,unfinished.aiml
29,WAIT *,*,*,unfinished,unfinished.aiml
59,PEOPLE *,*,*,unfinished,unfinished.aiml
32,SAY SOMETHING,*,*,unfinished,unfinished.aiml
42,SAY SOMETHING *,*,*,unfinished,unfinished.aiml
27,SAY I *,*,*,unfinished,unfinished.aiml
34,WHITE,*,*,unfinished,unfinished.aiml
31,REAL *,*,*,unfinished,unfinished.aiml
26,HE SAID *,*,*,unfinished,unfinished.aiml
52,HE IS A *,*,*,unfinished,unfinished.aiml
104,MORE,*,*,unfinished,unfinished.aiml
37,MORE *,*,*,unfinished,unfinished.aiml
54,READ *,*,*,unfinished,unfinished.aiml
32,OUR *,*,*,unfinished,unfinished.aiml
83,TALK,*,*,unfinished,unfinished.aiml
95,TALK TO ME,*,*,unfinished,unfinished.aiml
34,TALK TO ME *,*,*,unfinished,unfinished.aiml
116,TALK TO *,*,*,unfinished,unfinished.aiml
72,TALK *,*,*,unfinished,unfinished.aiml
44,MUSIC,*,*,unfinished,unfinished.aiml
63,NONE,*,*,unfinished,unfinished.aiml
39,HUMAN *,*,*,unfinished,unfinished.aiml
44,ASS,*,*,unfinished,unfinished.aiml
79,CALL ME,*,*,unfinished,unfinished.aiml
277,CALL MOM,*,*,unfinished,unfinished.aiml
32,CALL A *,*,*,unfinished,unfinished.aiml
26,CALL THE *,*,*,unfinished,unfinished.aiml
28,CALL YOU *,*,*,unfinished,unfinished.aiml
37,CALL MUM,*,*,unfinished,unfinished.aiml
39,CALL DAD,*,*,unfinished,unfinished.aiml
51,GO,*,*,unfinished,unfinished.aiml
62,GO AHEAD,*,*,unfinished,unfinished.aiml
25,GO ON,*,*,unfinished,unfinished.aiml
26,GO AWAY,*,*,unfinished,unfinished.aiml
114,GO *,*,*,unfinished,unfinished.aiml
47,GO TO HELL,*,*,unfinished,unfinished.aiml
26,GO TO SLEEP,*,*,unfinished,unfinished.aiml
39,WE HAVE *,*,*,unfinished,unfinished.aiml
114,WE ARE *,*,*,unfinished,unfinished.aiml
40,WE WILL *,*,*,unfinished,unfinished.aiml
25,WE SHOULD *,*,*,unfinished,unfinished.aiml
47,WE CAN *,*,*,unfinished,unfinished.aiml
51,ANOTHER,*,*,unfinished,unfinished.aiml
29,ANOTHER ONE,*,*,unfinished,unfinished.aiml
62,ANOTHER *,*,*,unfinished,unfinished.aiml
28,FUN,*,*,unfinished,unfinished.aiml
35,LOSER,*,*,unfinished,unfinished.aiml
28,PLAY ME A SONG,*,*,unfinished,unfinished.aiml
35,PLAY ME A *,*,*,unfinished,unfinished.aiml
25,PLAY A *,*,*,unfinished,unfinished.aiml
59,PLAY MUSIC,*,*,unfinished,unfinished.aiml
36,SMART ASS,*,*,unfinished,unfinished.aiml
53,SMART *,*,*,unfinished,unfinished.aiml
54,HELP,*,*,unfinished,unfinished.aiml
39,HELP ME *,*,*,unfinished,unfinished.aiml
60,HELP *,*,*,unfinished,unfinished.aiml
112,GREAT,*,*,unfinished,unfinished.aiml
64,GREAT *,*,*,unfinished,unfinished.aiml
81,ONLY *,*,*,unfinished,unfinished.aiml
27,FIND,*,*,unfinished,unfinished.aiml
29,FIND THE *,*,*,unfinished,unfinished.aiml
115,THEY ARE *,*,*,unfinished,unfinished.aiml
146,THEY *,*,*,unfinished,unfinished.aiml
25,CRAZY,*,*,unfinished,unfinished.aiml
40,ORANGE,*,*,unfinished,unfinished.aiml
30,ASTERISK *,*,*,unfinished,unfinished.aiml
85,AT *,*,*,unfinished,unfinished.aiml
29,AT THE *,*,*,unfinished,unfinished.aiml
44,FREE *,*,*,unfinished,unfinished.aiml
31,TIME *,*,*,unfinished,unfinished.aiml
92,AS *,*,*,unfinished,unfinished.aiml
38,THEN,*,*,unfinished,unfinished.aiml
57,SEE *,*,*,unfinished,unfinished.aiml
44,SEE YOU *,*,*,unfinished,unfinished.aiml
46,BEING *,*,*,unfinished,unfinished.aiml
35,NOBODY *,*,*,unfinished,unfinished.aiml
66,TIC TAC TOE,*,*,unfinished,unfinished.aiml
58,PRETTY *,*,*,unfinished,unfinished.aiml
111,ROCK,*,*,unfinished,unfinished.aiml
37,AM I A *,*,*,unfinished,unfinished.aiml
47,LIKE,*,*,unfinished,unfinished.aiml
37,LIKE A *,*,*,unfinished,unfinished.aiml
293,LIKE *,*,*,unfinished,unfinished.aiml
148,LIKE WHAT,*,*,unfinished,unfinished.aiml
34,LIKE YOU,*,*,unfinished,unfinished.aiml
39,LIKE WHO,*,*,unfinished,unfinished.aiml
49,AN *,*,*,unfinished,unfinished.aiml
91,BY *,*,*,unfinished,unfinished.aiml
29,TICTACTOE,*,*,unfinished,unfinished.aiml
33,WOULD *,*,*,unfinished,unfinished.aiml
33,SHOULD *,*,*,unfinished,unfinished.aiml
68,BEST *,*,*,unfinished,unfinished.aiml
87,RIGHT,*,*,unfinished,unfinished.aiml
40,RIGHT NOW,*,*,unfinished,unfinished.aiml
81,SET *,*,*,unfinished,unfinished.aiml
116,WELL,*,*,unfinished,unfinished.aiml
39,WELL THAT *,*,*,unfinished,unfinished.aiml
25,TEXT BABY *,*,*,unfinished,unfinished.aiml
27,TEXT ME *,*,*,unfinished,unfinished.aiml
30,TEXT MOM,*,*,unfinished,unfinished.aiml
85,BE *,*,*,unfinished,unfinished.aiml
27,SAME,*,*,unfinished,unfinished.aiml
34,SAME *,*,*,unfinished,unfinished.aiml
30,SAME HERE,*,*,unfinished,unfinished.aiml
44,DID NOT *,*,*,unfinished,unfinished.aiml
32,DID YOU GET *,*,*,unfinished,unfinished.aiml
51,DID YOU KNOW *,*,*,unfinished,unfinished.aiml
39,DID I *,*,*,unfinished,unfinished.aiml
149,NICE,*,*,unfinished,unfinished.aiml
28,NICE TO *,*,*,unfinished,unfinished.aiml
50,CHANGE *,*,*,unfinished,unfinished.aiml
94,BECAUSE,*,*,unfinished,unfinished.aiml
41,BECAUSE THEY *,*,*,unfinished,unfinished.aiml
27,BECAUSE MY *,*,*,unfinished,unfinished.aiml
25,BECAUSE THE *,*,*,unfinished,unfinished.aiml
31,BECAUSE OF *,*,*,unfinished,unfinished.aiml
111,BECAUSE IT *,*,*,unfinished,unfinished.aiml
67,BECAUSE IT IS *,*,*,unfinished,unfinished.aiml
29,BECAUSE YOU DO NOT *,*,*,unfinished,unfinished.aiml
42,BECAUSE YOU ARE A *,*,*,unfinished,unfinished.aiml
93,BECAUSE YOU ARE *,*,*,unfinished,unfinished.aiml
120,BECAUSE YOU *,*,*,unfinished,unfinished.aiml
35,BECAUSE I HAVE *,*,*,unfinished,unfinished.aiml
120,BECAUSE I *,*,*,unfinished,unfinished.aiml
93,BECAUSE I AM *,*,*,unfinished,unfinished.aiml
45,CLOSE *,*,*,unfinished,unfinished.aiml
32,DIE,*,*,unfinished,unfinished.aiml
88,WHEN,*,*,unfinished,unfinished.aiml
47,WHEN DO YOU *,*,*,unfinished,unfinished.aiml
27,WHEN ARE YOU *,*,*,unfinished,unfinished.aiml
27,WHEN WILL YOU *,*,*,unfinished,unfinished.aiml
29,WHEN DID YOU *,*,*,unfinished,unfinished.aiml
84,WHEN YOU *,*,*,unfinished,unfinished.aiml
79,WHEN I *,*,*,unfinished,unfinished.aiml
38,WHEN I SAY *,*,*,unfinished,unfinished.aiml
79,AWESOME,*,*,unfinished,unfinished.aiml
39,AWESOME *,*,*,unfinished,unfinished.aiml
53,SO WHAT,*,*,unfinished,unfinished.aiml
26,SO AM I,*,*,unfinished,unfinished.aiml
47,START *,*,*,unfinished,unfinished.aiml
26,TALKING *,*,*,unfinished,unfinished.aiml
27,MONEY,*,*,unfinished,unfinished.aiml
36,EVEN *,*,*,unfinished,unfinished.aiml
87,NEVER,*,*,unfinished,unfinished.aiml
67,NEVER *,*,*,unfinished,unfinished.aiml
39,LONG *,*,*,unfinished,unfinished.aiml
40,GOSSIP,*,*,unfinished,unfinished.aiml
31,YESTERDAY,*,*,unfinished,unfinished.aiml
87,BIG *,*,*,unfinished,unfinished.aiml
81,FIRST,*,*,unfinished,unfinished.aiml
30,FIRST *,*,*,unfinished,unfinished.aiml
47,SCISSORS,*,*,unfinished,unfinished.aiml
44,KISS,*,*,unfinished,unfinished.aiml
74,KISS ME,*,*,unfinished,unfinished.aiml
94,KISS *,*,*,unfinished,unfinished.aiml
28,BABE,*,*,unfinished,unfinished.aiml
29,LATER,*,*,unfinished,unfinished.aiml
31,WHAT TIME,*,*,unfinished,unfinished.aiml
11,WHAT TIME DO *,*,*,unfinished,unfinished.aiml
27,WHAT TIME DO YOU *,*,*,unfinished,unfinished.aiml
73,WHAT TIME *,*,*,unfinished,unfinished.aiml
29,WHAT ABOUT THE *,*,*,unfinished,unfinished.aiml
52,WHAT ABOUT YOU,*,*,unfinished,unfinished.aiml
100,WHAT ARE YOUR *,*,*,unfinished,unfinished.aiml
76,WHAT A *,*,*,unfinished,unfinished.aiml
31,WHAT WILL *,*,*,unfinished,unfinished.aiml
48,WHAT OTHER *,*,*,unfinished,unfinished.aiml
51,WHAT TO *,*,*,unfinished,unfinished.aiml
65,WHAT THE *,*,*,unfinished,unfinished.aiml
58,WHAT WOULD *,*,*,unfinished,unfinished.aiml
35,WHAT WOULD YOU *,*,*,unfinished,unfinished.aiml
85,WHAT SHOULD *,*,*,unfinished,unfinished.aiml
69,WHAT SHOULD I *,*,*,unfinished,unfinished.aiml
64,WHAT MAKES *,*,*,unfinished,unfinished.aiml
39,WHAT MAKES YOU *,*,*,unfinished,unfinished.aiml
160,WHAT IS,*,*,unfinished,unfinished.aiml
57,WHAT IS THAT *,*,*,unfinished,unfinished.aiml
28,WHAT IS HER NAME,*,*,unfinished,unfinished.aiml
33,WHAT IS HER *,*,*,unfinished,unfinished.aiml
76,WHAT IS IT,*,*,unfinished,unfinished.aiml
90,WHAT IS IT *,*,*,unfinished,unfinished.aiml
28,WHAT IS WRONG,*,*,unfinished,unfinished.aiml
36,WHAT IS WRONG *,*,*,unfinished,unfinished.aiml
31,WHAT IS WRONG WITH *,*,*,unfinished,unfinished.aiml
44,WHAT DOES YOUR *,*,*,unfinished,unfinished.aiml
32,WHAT DOES IT *,*,*,unfinished,unfinished.aiml
93,WHAT I *,*,*,unfinished,unfinished.aiml
31,WHAT HAPPENED,*,*,unfinished,unfinished.aiml
26,WHAT HAPPENED TO IRIS,*,*,unfinished,unfinished.aiml
31,WHAT HAPPENED TO *,*,*,unfinished,unfinished.aiml
50,WHAT HAPPENED *,*,*,unfinished,unfinished.aiml
59,WHAT ELSE,*,*,unfinished,unfinished.aiml
63,WHAT ELSE *,*,*,unfinished,unfinished.aiml
37,WHAT HAVE *,*,*,unfinished,unfinished.aiml
30,WHAT HAVE YOU *,*,*,unfinished,unfinished.aiml
27,WHAT DO YOU HAVE *,*,*,unfinished,unfinished.aiml
32,WHAT DO YOU WANT,*,*,unfinished,unfinished.aiml
169,WHAT DO YOU WANT *,*,*,unfinished,unfinished.aiml
91,WHAT DO YOU WANT TO *,*,*,unfinished,unfinished.aiml
51,WHAT DO YOU WANT TO TALK ABOUT,*,*,unfinished,unfinished.aiml
57,WHAT DO YOU WANT TO TALK *,*,*,unfinished,unfinished.aiml
46,WHAT DO YOU WANT TO KNOW,*,*,unfinished,unfinished.aiml
26,WHAT DO YOU WANT TO KNOW ABOUT ME,*,*,unfinished,unfinished.aiml
116,WHAT DO YOU MEAN,*,*,unfinished,unfinished.aiml
52,WHAT DO YOU MEAN *,*,*,unfinished,unfinished.aiml
28,WHAT DO YOU LIKE ABOUT *,*,*,unfinished,unfinished.aiml
26,WHAT DO YOU LIKE TO *,*,*,unfinished,unfinished.aiml
54,WHAT DO YOU LIKE *,*,*,unfinished,unfinished.aiml
44,WHAT DO YOU THINK,*,*,unfinished,unfinished.aiml
27,WHAT DO YOU THINK *,*,*,unfinished,unfinished.aiml
32,WHAT DO YOU THINK OF THE *,*,*,unfinished,unfinished.aiml
40,WHAT DO I *,*,*,unfinished,unfinished.aiml
31,WHAT COLOR,*,*,unfinished,unfinished.aiml
29,WHAT COLOR IS IT,*,*,unfinished,unfinished.aiml
26,WHAT YOU ARE *,*,*,unfinished,unfinished.aiml
117,WHAT DID *,*,*,unfinished,unfinished.aiml
78,WHAT DID YOU *,*,*,unfinished,unfinished.aiml
28,WHAT DID YOU SAY,*,*,unfinished,unfinished.aiml
51,WHAT CAN YOU *,*,*,unfinished,unfinished.aiml
86,WHAT IF *,*,*,unfinished,unfinished.aiml
66,WHAT IF I *,*,*,unfinished,unfinished.aiml
42,ENGLISH,*,*,unfinished,unfinished.aiml
25,MEAN,*,*,unfinished,unfinished.aiml
26,THINK *,*,*,unfinished,unfinished.aiml
28,NEW,*,*,unfinished,unfinished.aiml
58,NEW YORK,*,*,unfinished,unfinished.aiml
98,NEW *,*,*,unfinished,unfinished.aiml
66,BABY,*,*,unfinished,unfinished.aiml
52,BABY *,*,*,unfinished,unfinished.aiml
118,ME *,*,*,unfinished,unfinished.aiml
31,ME EITHER,*,*,unfinished,unfinished.aiml
43,ONE *,*,*,unfinished,unfinished.aiml
33,EXCUSE ME,*,*,unfinished,unfinished.aiml
40,LITTLE *,*,*,unfinished,unfinished.aiml
40,EXPLAIN,*,*,unfinished,unfinished.aiml
79,CANCEL,*,*,unfinished,unfinished.aiml
27,CANCEL *,*,*,unfinished,unfinished.aiml
49,GOD,*,*,unfinished,unfinished.aiml
59,GOD *,*,*,unfinished,unfinished.aiml
29,HAS *,*,*,unfinished,unfinished.aiml
26,THAT SUCKS,*,*,unfinished,unfinished.aiml
35,THAT WOULD BE *,*,*,unfinished,unfinished.aiml
50,THAT WOULD *,*,*,unfinished,unfinished.aiml
34,THAT IS OKAY,*,*,unfinished,unfinished.aiml
30,THAT IS GREAT,*,*,unfinished,unfinished.aiml
48,THAT IS RIGHT,*,*,unfinished,unfinished.aiml
67,THAT IS COOL,*,*,unfinished,unfinished.aiml
30,THAT IS A GOOD *,*,*,unfinished,unfinished.aiml
136,THAT IS A *,*,*,unfinished,unfinished.aiml
44,THAT IS MY *,*,*,unfinished,unfinished.aiml
28,THAT IS NOT A *,*,*,unfinished,unfinished.aiml
28,THAT IS NOT WHAT I SAID,*,*,unfinished,unfinished.aiml
96,THAT IS NOT *,*,*,unfinished,unfinished.aiml
30,THAT IS GOOD *,*,*,unfinished,unfinished.aiml
34,THAT IS WHAT *,*,*,unfinished,unfinished.aiml
35,THAT IS WHAT I *,*,*,unfinished,unfinished.aiml
44,THAT IS THE *,*,*,unfinished,unfinished.aiml
31,THAT IS TRUE,*,*,unfinished,unfinished.aiml
27,THAT IS NICE,*,*,unfinished,unfinished.aiml
9,THAT WAS A GOOD *,*,*,unfinished,unfinished.aiml
57,THAT WAS A *,*,*,unfinished,unfinished.aiml
31,THAT WAS NOT *,*,*,unfinished,unfinished.aiml
141,THAT WAS *,*,*,unfinished,unfinished.aiml
26,THAT I *,*,*,unfinished,unfinished.aiml
32,HUMANS *,*,*,unfinished,unfinished.aiml
27,MY PHONE *,*,*,unfinished,unfinished.aiml
38,MY BROTHER *,*,*,unfinished,unfinished.aiml
29,MY BROTHER IS *,*,*,unfinished,unfinished.aiml
25,MY FATHER *,*,*,unfinished,unfinished.aiml
37,MY GIRLFRIEND *,*,*,unfinished,unfinished.aiml
33,MY SON *,*,*,unfinished,unfinished.aiml
36,MY MOM,*,*,unfinished,unfinished.aiml
36,MY NAME IS A *,*,*,unfinished,unfinished.aiml
28,MY BOYFRIEND *,*,*,unfinished,unfinished.aiml
41,MY FAVORITE *,*,*,unfinished,unfinished.aiml
26,MY MOTHER *,*,*,unfinished,unfinished.aiml
26,MY MOTHER IS *,*,*,unfinished,unfinished.aiml
42,MY WIFE *,*,*,unfinished,unfinished.aiml
69,MY FRIEND *,*,*,unfinished,unfinished.aiml
31,MY SISTER *,*,*,unfinished,unfinished.aiml
28,MY SISTER IS *,*,*,unfinished,unfinished.aiml
27,PICK *,*,*,unfinished,unfinished.aiml
46,ALWAYS,*,*,unfinished,unfinished.aiml
25,POP,*,*,unfinished,unfinished.aiml
46,STILL *,*,*,unfinished,unfinished.aiml
58,BOTH,*,*,unfinished,unfinished.aiml
30,SUPER *,*,*,unfinished,unfinished.aiml
31,LAST *,*,*,unfinished,unfinished.aiml
73,EXIT,*,*,unfinished,unfinished.aiml
28,WOMAN,*,*,unfinished,unfinished.aiml
109,ABOUT *,*,*,unfinished,unfinished.aiml
68,ABOUT WHAT,*,*,unfinished,unfinished.aiml
30,EVERYONE *,*,*,unfinished,unfinished.aiml
34,SECOND,*,*,unfinished,unfinished.aiml
26,SWITCH TO *,*,*,unfinished,unfinished.aiml
29,SWITCH *,*,*,unfinished,unfinished.aiml
28,SAINT *,*,*,unfinished,unfinished.aiml
46,NO PROBLEM,*,*,unfinished,unfinished.aiml
42,WATCH *,*,*,unfinished,unfinished.aiml
50,EVERY *,*,*,unfinished,unfinished.aiml
100,ON *,*,*,unfinished,unfinished.aiml
44,ON THE *,*,*,unfinished,unfinished.aiml
33,OLD *,*,*,unfinished,unfinished.aiml
32,GUESS *,*,*,unfinished,unfinished.aiml
32,GUESS WHAT,*,*,unfinished,unfinished.aiml
28,YOUR MOTHER *,*,*,unfinished,unfinished.aiml
33,YOUR MAMA,*,*,unfinished,unfinished.aiml
45,YOUR FACE,*,*,unfinished,unfinished.aiml
36,DELETE *,*,*,unfinished,unfinished.aiml
46,OH REALLY,*,*,unfinished,unfinished.aiml
33,LIST *,*,*,unfinished,unfinished.aiml
38,OF *,*,*,unfinished,unfinished.aiml
27,THERE ARE *,*,*,unfinished,unfinished.aiml
51,THERE *,*,*,unfinished,unfinished.aiml
36,THERE IS A *,*,*,unfinished,unfinished.aiml
57,THERE IS *,*,*,unfinished,unfinished.aiml
50,THERE IS NO *,*,*,unfinished,unfinished.aiml
69,LIAR,*,*,unfinished,unfinished.aiml
100,CORRECT,*,*,unfinished,unfinished.aiml
35,TRY *,*,*,unfinished,unfinished.aiml
45,BLUE,*,*,unfinished,unfinished.aiml
49,TEACH ME *,*,*,unfinished,unfinished.aiml
55,TEACH *,*,*,unfinished,unfinished.aiml
28,SHUT DOWN,*,*,unfinished,unfinished.aiml
29,SHUT *,*,*,unfinished,unfinished.aiml
27,HIGH *,*,*,unfinished,unfinished.aiml
39,DOWNLOAD *,*,*,unfinished,unfinished.aiml
87,OR *,*,*,unfinished,unfinished.aiml
25,TEST,*,*,unfinished,unfinished.aiml
28,TEST TABLE,*,*,unfinished,unfinished.aiml
71,TEST *,*,*,unfinished,unfinished.aiml
84,FORGET *,*,*,unfinished,unfinished.aiml
55,FORGET IT,*,*,unfinished,unfinished.aiml
50,CHECK *,*,*,unfinished,unfinished.aiml
34,USE *,*,*,unfinished,unfinished.aiml
26,FROM MY *,*,*,unfinished,unfinished.aiml
77,FROM *,*,*,unfinished,unfinished.aiml
32,GAME,*,*,unfinished,unfinished.aiml
26,ROBOT,*,*,unfinished,unfinished.aiml
42,ROBOT *,*,*,unfinished,unfinished.aiml
133,WHERE,*,*,unfinished,unfinished.aiml
63,WHERE DO YOU *,*,*,unfinished,unfinished.aiml
34,WHERE DO I *,*,*,unfinished,unfinished.aiml
32,WHERE IS THAT,*,*,unfinished,unfinished.aiml
29,WHERE DID YOU *,*,*,unfinished,unfinished.aiml
34,VERY,*,*,unfinished,unfinished.aiml
28,QUIZ TIME,*,*,unfinished,unfinished.aiml
53,QUIZ *,*,*,unfinished,unfinished.aiml
30,ROSHAMBO,*,*,unfinished,unfinished.aiml
33,WERE YOU *,*,*,unfinished,unfinished.aiml
41,EAT *,*,*,unfinished,unfinished.aiml
25,MAIL *,*,*,unfinished,unfinished.aiml
33,DOG,*,*,unfinished,unfinished.aiml
37,HOT,*,*,unfinished,unfinished.aiml
40,HOT *,*,*,unfinished,unfinished.aiml
27,MAY *,*,*,unfinished,unfinished.aiml
47,FOR WHAT,*,*,unfinished,unfinished.aiml
94,FOR *,*,*,unfinished,unfinished.aiml
30,HOW ABOUT A *,*,*,unfinished,unfinished.aiml
53,HOW ABOUT YOU,*,*,unfinished,unfinished.aiml
73,HOW DO YOU KNOW,*,*,unfinished,unfinished.aiml
66,HOW DO YOU KNOW *,*,*,unfinished,unfinished.aiml
31,HOW TO USE *,*,*,unfinished,unfinished.aiml
31,HOW LONG,*,*,unfinished,unfinished.aiml
32,HOW LONG WILL *,*,*,unfinished,unfinished.aiml
80,HOW IS YOUR *,*,*,unfinished,unfinished.aiml
33,HOW IS MY *,*,*,unfinished,unfinished.aiml
44,HOW MUCH,*,*,unfinished,unfinished.aiml
48,HOW MUCH DO *,*,*,unfinished,unfinished.aiml
42,HOW MUCH DO YOU *,*,*,unfinished,unfinished.aiml
36,HOW MUCH WOOD COULD A WOODCHUCK CHUCK IF A WOODCHUCK COULD CHUCK WOOD,*,*,unfinished,unfinished.aiml
45,HOW DID YOU *,*,*,unfinished,unfinished.aiml
46,HOW MANY,*,*,unfinished,unfinished.aiml
35,HOW SO,*,*,unfinished,unfinished.aiml
38,HOW WAS *,*,*,unfinished,unfinished.aiml
81,AND,*,*,unfinished,unfinished.aiml
45,AND YOU,*,*,unfinished,unfinished.aiml
57,LEARN,*,*,unfinished,unfinished.aiml
43,DUDE,*,*,unfinished,unfinished.aiml
28,CAN NOT *,*,*,unfinished,unfinished.aiml
38,CAN YOU,*,*,unfinished,unfinished.aiml
31,CAN YOU REMEMBER *,*,*,unfinished,unfinished.aiml
38,CAN YOU MAKE *,*,*,unfinished,unfinished.aiml
72,CAN YOU DO *,*,*,unfinished,unfinished.aiml
35,CAN YOU GET *,*,*,unfinished,unfinished.aiml
31,CAN YOU SING,*,*,unfinished,unfinished.aiml
33,CAN YOU BE *,*,*,unfinished,unfinished.aiml
27,CAN YOU READ *,*,*,unfinished,unfinished.aiml
29,CAN YOU LEARN *,*,*,unfinished,unfinished.aiml
28,CAN YOU TALK *,*,*,unfinished,unfinished.aiml
28,CAN YOU COME *,*,*,unfinished,unfinished.aiml
25,CAN YOU ANSWER *,*,*,unfinished,unfinished.aiml
33,CAN I HAVE *,*,*,unfinished,unfinished.aiml
26,CAN I SEE YOUR *,*,*,unfinished,unfinished.aiml
36,SIRI,*,*,unfinished,unfinished.aiml
36,IF YOUR *,*,*,unfinished,unfinished.aiml
217,IF *,*,*,unfinished,unfinished.aiml
35,IF YOU DO NOT *,*,*,unfinished,unfinished.aiml
42,IF YOU DO *,*,*,unfinished,unfinished.aiml
31,IF YOU ARE *,*,*,unfinished,unfinished.aiml
148,IF YOU *,*,*,unfinished,unfinished.aiml
121,IF I *,*,*,unfinished,unfinished.aiml
26,IF I AM *,*,*,unfinished,unfinished.aiml
40,YOUTUBE *,*,*,unfinished,unfinished.aiml
35,IN YOUR *,*,*,unfinished,unfinished.aiml
28,IN A *,*,*,unfinished,unfinished.aiml
54,IN MY *,*,*,unfinished,unfinished.aiml
72,IN THE *,*,*,unfinished,unfinished.aiml
34,HER *,*,*,unfinished,unfinished.aiml
44,BOO,*,*,unfinished,unfinished.aiml
35,IS,*,*,unfinished,unfinished.aiml
63,IS THAT A *,*,*,unfinished,unfinished.aiml
121,IS THAT *,*,*,unfinished,unfinished.aiml
58,IS HE *,*,*,unfinished,unfinished.aiml
93,IS YOUR *,*,*,unfinished,unfinished.aiml
78,IS MY *,*,*,unfinished,unfinished.aiml
35,IS NOT *,*,*,unfinished,unfinished.aiml
36,IS IT,*,*,unfinished,unfinished.aiml
51,IS THIS *,*,*,unfinished,unfinished.aiml
94,IT MEANS *,*,*,unfinished,unfinished.aiml
27,IT WOULD *,*,*,unfinished,unfinished.aiml
100,IT IS,*,*,unfinished,unfinished.aiml
38,IT IS OKAY,*,*,unfinished,unfinished.aiml
29,IT IS OKAY *,*,*,unfinished,unfinished.aiml
42,IT IS MY *,*,*,unfinished,unfinished.aiml
32,IT IS NOT A *,*,*,unfinished,unfinished.aiml
112,IT IS NOT *,*,*,unfinished,unfinished.aiml
35,IT WAS A *,*,*,unfinished,unfinished.aiml
28,IT WAS NOT *,*,*,unfinished,unfinished.aiml
135,IT WAS *,*,*,unfinished,unfinished.aiml
33,IT DOES NOT *,*,*,unfinished,unfinished.aiml
43,IT DOES *,*,*,unfinished,unfinished.aiml
27,RAP,*,*,unfinished,unfinished.aiml
54,SOME *,*,*,unfinished,unfinished.aiml
37,ALL,*,*,unfinished,unfinished.aiml
51,ALL RIGHT,*,*,unfinished,unfinished.aiml
149,ALL *,*,*,unfinished,unfinished.aiml
38,ALL THE TIME,*,*,unfinished,unfinished.aiml
60,ALL THE *,*,*,unfinished,unfinished.aiml
27,ALL I *,*,*,unfinished,unfinished.aiml
136,WHATEVER,*,*,unfinished,unfinished.aiml
40,WHATEVER *,*,*,unfinished,unfinished.aiml
40,GOODNIGHT,*,*,unfinished,unfinished.aiml
29,QUIZTIME,*,*,unfinished,unfinished.aiml
106,NOTHING *,*,*,unfinished,unfinished.aiml
37,HAVE A *,*,*,unfinished,unfinished.aiml
103,HAVE YOU *,*,*,unfinished,unfinished.aiml
39,HAVE YOU BEEN TO *,*,*,unfinished,unfinished.aiml
71,HAVE YOU BEEN *,*,*,unfinished,unfinished.aiml
59,HAVE YOU SEEN *,*,*,unfinished,unfinished.aiml
29,YO MAMA *,*,*,unfinished,unfinished.aiml
46,NEXT QUESTION,*,*,unfinished,unfinished.aiml
78,NEXT *,*,*,unfinished,unfinished.aiml
26,ONCE *,*,*,unfinished,unfinished.aiml
29,LISTEN,*,*,unfinished,unfinished.aiml
58,LISTEN TO *,*,*,unfinished,unfinished.aiml
95,LISTEN *,*,*,unfinished,unfinished.aiml
62,WITH *,*,*,unfinished,unfinished.aiml
31,LIFE,*,*,unfinished,unfinished.aiml
85,DASH,*,*,unfinished,unfinished.aiml
56,PROVE *,*,*,unfinished,unfinished.aiml
42,PROVE IT,*,*,unfinished,unfinished.aiml
30,DOES HE *,*,*,unfinished,unfinished.aiml
59,DOES YOUR *,*,*,unfinished,unfinished.aiml
28,DOES MY *,*,*,unfinished,unfinished.aiml
37,DOES NOT *,*,*,unfinished,unfinished.aiml
38,DOES IT HAVE *,*,*,unfinished,unfinished.aiml
79,DOES IT *,*,*,unfinished,unfinished.aiml
43,MINE *,*,*,unfinished,unfinished.aiml
28,MINE IS *,*,*,unfinished,unfinished.aiml
56,GAMES,*,*,unfinished,unfinished.aiml
82,SOMETIMES,*,*,unfinished,unfinished.aiml
41,SOMETIMES *,*,*,unfinished,unfinished.aiml
28,MAKE ME *,*,*,unfinished,unfinished.aiml
39,MAKE A *,*,*,unfinished,unfinished.aiml
78,MAKE *,*,*,unfinished,unfinished.aiml
27,SAVE *,*,*,unfinished,unfinished.aiml
34,BORING,*,*,unfinished,unfinished.aiml
26,GIVE ME YOUR *,*,*,unfinished,unfinished.aiml
31,GIVE ME SOME *,*,*,unfinished,unfinished.aiml
25,GIVE *,*,*,unfinished,unfinished.aiml
37,ANYTHING *,*,*,unfinished,unfinished.aiml
129,WHY DO NOT *,*,*,unfinished,unfinished.aiml
93,WHY DO NOT YOU *,*,*,unfinished,unfinished.aiml
30,WHY DO YOU WANT TO *,*,*,unfinished,unfinished.aiml
40,WHY DO YOU WANT *,*,*,unfinished,unfinished.aiml
31,WHY DO YOU SAY THAT,*,*,unfinished,unfinished.aiml
51,WHY DO YOU SAY *,*,*,unfinished,unfinished.aiml
51,WHY DO YOU LIKE *,*,*,unfinished,unfinished.aiml
34,WHY DO I *,*,*,unfinished,unfinished.aiml
42,WHY NOT *,*,*,unfinished,unfinished.aiml
74,WHY WOULD *,*,*,unfinished,unfinished.aiml
47,WHY WOULD YOU *,*,*,unfinished,unfinished.aiml
53,WHY IS THAT,*,*,unfinished,unfinished.aiml
43,WHY IS IT *,*,*,unfinished,unfinished.aiml
133,WHY DID *,*,*,unfinished,unfinished.aiml
81,WHY DID YOU *,*,*,unfinished,unfinished.aiml
31,WHY DID YOU SAY *,*,*,unfinished,unfinished.aiml
30,WHY YOU ARE *,*,*,unfinished,unfinished.aiml
29,WHY I *,*,*,unfinished,unfinished.aiml
67,TRUE,*,*,unfinished,unfinished.aiml
32,TRUE *,*,*,unfinished,unfinished.aiml
47,RED,*,*,unfinished,unfinished.aiml
25,RED *,*,*,unfinished,unfinished.aiml
30,COME ON,*,*,unfinished,unfinished.aiml
67,COME *,*,*,unfinished,unfinished.aiml
27,OPEN,*,*,unfinished,unfinished.aiml
28,NIGHT *,*,*,unfinished,unfinished.aiml
83,ANY *,*,*,unfinished,unfinished.aiml
75,LOVE,*,*,unfinished,unfinished.aiml
69,LOVE *,*,*,unfinished,unfinished.aiml
75,MAN,*,*,unfinished,unfinished.aiml
31,MAN *,*,*,unfinished,unfinished.aiml
60,BAD *,*,*,unfinished,unfinished.aiml
37,KEEP *,*,*,unfinished,unfinished.aiml
50,WHO DO YOU *,*,*,unfinished,unfinished.aiml
40,WHO IS HE,*,*,unfinished,unfinished.aiml
53,WHO IS THAT,*,*,unfinished,unfinished.aiml
112,WHO IS YOUR *,*,*,unfinished,unfinished.aiml
28,CONTACT *,*,*,unfinished,unfinished.aiml
26,LA *,*,*,unfinished,unfinished.aiml
58,HOME,*,*,unfinished,unfinished.aiml
35,HOME *,*,*,unfinished,unfinished.aiml
39,NEED *,*,*,unfinished,unfinished.aiml
37,SOMEONE *,*,*,unfinished,unfinished.aiml
70,ALRIGHT,*,*,unfinished,unfinished.aiml
39,GOOD FOR *,*,*,unfinished,unfinished.aiml
36,GOOD FOR YOU,*,*,unfinished,unfinished.aiml
47,JOHN *,*,*,unfinished,unfinished.aiml
102,LET ME *,*,*,unfinished,unfinished.aiml
27,LET US GO *,*,*,unfinished,unfinished.aiml
137,LET US *,*,*,unfinished,unfinished.aiml
27,LET US PLAY 20 QUESTIONS,*,*,unfinished,unfinished.aiml
40,LET US TALK ABOUT *,*,*,unfinished,unfinished.aiml
268,LET *,*,*,unfinished,unfinished.aiml
38,PUT *,*,*,unfinished,unfinished.aiml
